customer_id,name,region,signup_date
1,Angela Cannon,Colorado,2021-08-24
2,Colton Pham,Florida,2023-06-14
3,Patrick Ferguson,Minnesota,2020-04-01
4,Gordon Santos,Kentucky,2022-03-01
5,Joseph Davis,Louisiana,2022-07-21
6,John Little,Ohio,2021-03-21
7,Jeremy Fischer,New Hampshire,2020-07-02
8,Gabriela Alvarez,Maryland,2020-11-25
9,Nathaniel Noble,Mississippi,2024-06-05
10,Jennifer Wilson,North Dakota,2023-11-21
11,Danielle Mccarthy,Kansas,2024-03-23
12,Jack Flores,Illinois,2021-09-10
13,John Hendricks,New Jersey,2024-02-10
14,Charles Burnett,Wisconsin,2022-10-15
15,Samuel Jones,Nevada,2023-06-15
16,Tiffany Wilson,Illinois,2023-08-22
17,Gabrielle Carr,Texas,2024-03-14
18,Veronica Harris,Texas,2024-07-29
19,Tina Gonzalez,Tennessee,2021-10-13
20,John Schneider,California,2023-07-17
21,Andrew James,Florida,2020-05-05
22,Billy Underwood,Oklahoma,2024-11-06
23,Dustin Anderson,Oregon,2020-12-18
24,Donna Graham PhD,Minnesota,2023-11-08
25,Peter Garcia,New Hampshire,2020-02-27
26,Daniel Yates,Georgia,2024-05-28
27,Alexandra Smith,New Mexico,2020-04-28
28,Julie Weber,Massachusetts,2023-03-28
29,Katherine Morales,Washington,2021-10-25
30,Willie Miller,New Mexico,2021-07-03
31,Karen Schmidt,Connecticut,2020-02-05
32,Jack Coleman,Nevada,2024-09-24
33,Lisa Williams,Nebraska,2022-07-11
34,Bob Banks,Wyoming,2023-07-03
35,Donald Webb,New Jersey,2021-02-15
36,Logan Dean,New Mexico,2021-02-10
37,Cheryl Dawson,Minnesota,2022-10-15
38,Ronnie Mcdonald,Vermont,2022-04-03
39,Austin Kane,Rhode Island,2024-12-06
40,David Pearson,Mississippi,2022-03-13
41,Lawrence Mcclain,Kansas,2024-01-28
42,Ashlee Marsh,Connecticut,2021-03-14
43,Melissa Smith,Arkansas,2020-05-24
44,Jose Knight,Pennsylvania,2023-12-21
45,Kristen Malone,Arkansas,2024-04-17
46,Rachael Walker,Ohio,2025-01-15
47,Kristin Lewis,Arkansas,2024-08-25
48,Mary Lawrence,South Carolina,2020-07-24
49,Lisa Hansen,West Virginia,2022-12-27
50,Stacey Hill,Vermont,2025-01-04
51,William Brown,Montana,2023-04-12
52,Mary Merritt,Connecticut,2024-03-12
53,Monica Pennington,Pennsylvania,2023-12-21
54,Natalie Marsh,Louisiana,2022-02-22
55,Nicole Williams,Arkansas,2021-12-20
56,Collin Garcia,Delaware,2022-08-30
57,William Brown,New Mexico,2021-10-23
58,Zoe Morrison,Hawaii,2022-12-09
59,Katrina Roach,Colorado,2020-02-07
60,Michael Cooley,Rhode Island,2023-11-03
61,Jennifer Green,Maryland,2023-03-31
62,Danielle Myers,Illinois,2022-01-31
63,James Wagner,Vermont,2021-07-07
64,Tina Baker,Utah,2024-09-06
65,Felicia Thomas,New York,2021-03-02
66,Darlene Coffey,Iowa,2024-11-01
67,Elizabeth Friedman,Connecticut,2021-03-24
68,Ashley Santana,Hawaii,2020-12-04
69,Catherine Stanton,North Carolina,2022-11-14
70,Karina Johnson,Maine,2022-07-25
71,Lacey Parks,Louisiana,2021-10-01
72,Betty Cooper,North Dakota,2022-02-28
73,Troy Howe,South Dakota,2023-05-10
74,Regina Castro,Illinois,2021-11-05
75,Michael Lopez,Virginia,2022-01-02
76,Adam Woods,Connecticut,2021-11-13
77,James Morris,Rhode Island,2024-05-14
78,James Perry,Maryland,2022-11-30
79,Natalie Brown,Minnesota,2024-07-12
80,Angela Lopez,Texas,2020-02-13
81,John Hatfield,Alaska,2022-07-08
82,Kevin Knight,Kansas,2021-01-27
83,Joseph Christensen,New Mexico,2024-08-24
84,Kara Moreno,Texas,2021-06-30
85,Dan Coleman,Maine,2021-03-08
86,Jennifer Jimenez,Tennessee,2023-04-26
87,Marilyn Wilson,New Mexico,2020-12-30
88,Edward Clarke,Louisiana,2021-11-16
89,Jeffrey Skinner,Idaho,2023-11-01
90,April Gaines,Mississippi,2023-10-24
91,Melissa Diaz,Louisiana,2023-04-13
92,Stephanie Stokes,Missouri,2020-06-26
93,Sydney Fischer,New Jersey,2021-09-19
94,Crystal Davis,Mississippi,2022-12-12
95,Leslie Banks,Maryland,2021-06-06
96,Donna Tucker,Tennessee,2024-03-30
97,Jerry Morales,Nebraska,2020-12-04
98,Sherry Smith MD,Kansas,2024-01-28
99,Shannon Vaughn DDS,Delaware,2024-06-03
100,Martin Smith,Ohio,2020-08-17
101,Tonya Foley,Mississippi,2020-12-06
102,Michelle Wilson,Virginia,2020-05-02
103,Jenna Green DVM,Kansas,2022-03-12
104,Christina Collins,Connecticut,2023-08-13
105,Luis Simmons,Louisiana,2024-09-24
106,Gabriella Rodriguez,Kansas,2022-05-19
107,Angel Jackson,Texas,2024-05-05
108,Valerie Flowers,Nevada,2024-08-28
109,Mark Francis,Missouri,2022-02-15
110,Lacey Gray,Maryland,2024-12-29
111,Todd Kelly,Alabama,2022-09-11
112,Mr. Adrian Norton,Kentucky,2023-02-21
113,William Edwards,Georgia,2022-08-12
114,Deborah Miller,Arkansas,2023-06-29
115,Karen Gilbert,Mississippi,2021-03-22
116,Casey Lin,Washington,2021-12-09
117,Timothy Walsh,Maryland,2020-09-20
118,Lindsey Cole,New York,2021-12-04
119,Frank Hoover,Indiana,2022-09-13
120,David Sanders,Iowa,2023-09-11
121,Danny Mendez,Kentucky,2023-09-24
122,Sophia Whitaker,Iowa,2023-12-11
123,Robert Norton,Oklahoma,2023-01-21
124,Dakota Smith,Tennessee,2024-06-23
125,Nicholas Costa,Mississippi,2021-06-03
126,Sean Jordan,Colorado,2021-04-28
127,Elizabeth Chandler,Delaware,2024-01-12
128,Ronald Norton,Mississippi,2022-05-02
129,Zachary Gallagher,Kansas,2022-05-05
130,Ronald Davis,New York,2020-10-21
131,Ashley Brown,New Hampshire,2020-06-24
132,Victoria Ward,Arkansas,2021-10-09
133,Kelly Miller,Arizona,2021-03-22
134,Marissa Pena,West Virginia,2024-05-27
135,Ronald Krueger,Mississippi,2024-11-13
136,Jacob Gonzalez II,Nebraska,2021-07-13
137,Kelly Bishop,New Jersey,2024-08-17
138,Heather Pham,Nevada,2022-02-15
139,Joshua Welch,Oklahoma,2023-08-22
140,William Smith,Wyoming,2023-01-30
141,Robert Mcintyre,Nebraska,2024-09-23
142,Alexander Davis,Washington,2020-05-09
143,Tyler Bailey,Washington,2022-08-31
144,Megan Hurst,Alabama,2024-11-15
145,John Evans MD,Hawaii,2021-02-08
146,Ashley Watts,Pennsylvania,2023-01-23
147,Kelsey Robinson,Pennsylvania,2023-11-17
148,Richard Jennings,Wyoming,2024-09-11
149,Michael Chambers,Ohio,2023-10-21
150,Ruben Gilbert,Rhode Island,2024-07-05
151,Dennis Lambert,Idaho,2023-07-08
152,John Gray,Tennessee,2023-08-29
153,Erica Whitaker,Delaware,2022-11-29
154,Jason Smith,Texas,2024-02-12
155,Kathleen Harper,Massachusetts,2021-01-28
156,Michael Harris,Ohio,2021-06-29
157,Adam Crawford,Mississippi,2020-10-13
158,Angela Wise,Nevada,2024-07-18
159,Karen Knight,Arizona,2024-08-02
160,James Lee,Vermont,2025-01-13
161,Jason Jones,Alabama,2021-10-03
162,Kelly Adams,Wisconsin,2024-03-19
163,Joshua Patel,Washington,2023-12-14
164,Katrina Griffin,Virginia,2021-08-26
165,Annette Gonzales,California,2024-02-15
166,Carly Cole,Rhode Island,2024-05-08
167,Robert Walker,North Carolina,2021-05-30
168,Natalie Morrison,South Carolina,2020-03-23
169,Marco Kerr,Hawaii,2024-05-18
170,James Tate MD,North Dakota,2020-11-18
171,Randall Reynolds,Indiana,2021-11-28
172,Traci Benson,Mississippi,2023-04-22
173,Ashley Frank,Utah,2022-07-29
174,Cynthia Boyd,Alaska,2024-07-27
175,Thomas Vazquez,New Hampshire,2020-08-25
176,Henry Williams,Vermont,2024-10-17
177,Joseph Smith,North Carolina,2023-11-11
178,Scott Mills,Louisiana,2020-08-20
179,Jason Rodriguez,North Carolina,2023-01-26
180,Amber Smith,Vermont,2024-04-27
181,Rebecca Lopez,West Virginia,2022-06-22
182,Christopher Martinez,Iowa,2024-10-31
183,George Cole,Oklahoma,2024-03-18
184,Chris Montgomery,North Dakota,2021-08-20
185,Amber Baker,Georgia,2023-03-06
186,Amanda Olson,Missouri,2022-09-20
187,Christopher Davis,Arkansas,2023-02-03
188,Timothy Pearson,Nevada,2021-09-11
189,James Arnold,Maryland,2022-10-31
190,Donna Ellison,Hawaii,2020-02-26
191,Ashley Simmons DVM,Kansas,2020-09-20
192,Vanessa Spence,Montana,2021-08-27
193,Paul Oliver,Nevada,2023-01-24
194,Cody Davis,North Carolina,2023-11-07
195,Anna Lane,South Carolina,2022-02-05
196,Hannah Chavez,Washington,2024-09-11
197,Lorraine Mcpherson,Tennessee,2021-02-24
198,Julie Lin,Oklahoma,2020-07-31
199,Cynthia White,California,2020-04-21
200,Jorge Wu III,Illinois,2024-06-11
