product_id,product_name,category,price
1,red,particular,71.0
2,player,good,56.25
3,popular,instead,50.61
4,back,month,22.89
5,defense,sound,7.03
6,series,reduce,51.44
7,experience,politics,94.89
8,available,get,35.13
9,word,reveal,35.91
10,possible,per,17.8
11,southern,describe,19.04
12,others,close,27.82
13,her,I,82.62
14,wonder,ten,68.81
15,always,impact,93.03
16,whom,program,41.79
17,travel,positive,53.35
18,threat,either,80.62
19,movement,sport,21.63
20,shake,drop,63.59
21,crime,actually,26.05
22,respond,despite,92.3
23,rather,must,65.88
24,minute,white,66.37
25,hotel,watch,71.83
26,wind,so,75.74
27,result,season,99.58
28,practice,little,64.72
29,everyone,better,65.23
30,then,total,8.03
31,civil,style,34.74
32,show,whatever,55.88
33,keep,available,12.23
34,visit,hope,97.88
35,bar,experience,12.33
36,hospital,tonight,48.13
37,second,black,58.96
38,tree,tend,47.41
39,wonder,against,58.05
40,anything,anyone,33.37
41,physical,million,79.34
42,dinner,to,57.3
43,arm,somebody,62.89
44,officer,stop,68.19
45,community,then,59.05
46,stock,wife,8.1
47,perhaps,marriage,70.96
48,even,into,72.92
49,across,hour,14.49
50,rich,century,43.36
51,true,try,52.68
52,someone,discussion,17.7
53,force,either,31.15
54,seven,data,40.63
55,may,cause,79.27
56,view,from,74.41
57,work,budget,80.21
58,himself,series,37.58
59,cut,day,59.81
60,difference,suggest,19.95
61,same,resource,72.73
62,impact,decade,27.89
63,seat,Congress,24.49
64,respond,worry,80.92
65,fly,can,99.24
66,room,movement,25.74
67,development,member,81.82
68,relate,American,30.58
69,throughout,need,83.84
70,available,card,69.87
71,bill,yes,19.22
72,discussion,they,95.32
73,imagine,remain,13.41
74,message,number,70.34
75,before,most,56.46
76,among,let,17.12
77,we,TV,53.55
78,perform,we,27.08
79,bad,positive,62.49
80,adult,they,89.57
81,art,authority,39.34
82,yet,letter,81.66
83,area,employee,65.79
84,dinner,possible,16.7
85,play,old,61.05
86,management,south,24.77
87,turn,population,88.72
88,whatever,cell,67.08
89,wrong,thank,25.69
90,two,south,82.48
91,long,medical,16.96
92,someone,kitchen,18.76
93,once,show,20.49
94,wrong,only,78.74
95,training,many,32.56
96,yet,course,14.34
97,or,crime,47.41
98,tell,attack,28.7
99,notice,paper,80.17
100,phone,process,62.55
